{
    "credit": "Made with Blockbench",
    "textures": {
        "1": "item/custom/puppets/ckp1pa43d",
        "particle": "item/custom/puppets/ckp1pa43d"
    },
    "elements": [
        {
            "name": "Box1",
            "from": [
                4.5,
                6.75,
                4.75
            ],
            "to": [
                11.5,
                13.75,
                11.75
            ],
            "rotation": {
                "angle": 0,
                "axis": "x",
                "origin": [
                    0,
                    -3.25,
                    0.25
                ]
            },
            "faces": {
                "north": {
                    "uv": [
                        2,
                        2,
                        4,
                        4
                    ],
                    "texture": "#1"
                },
                "east": {
                    "uv": [
                        0,
                        2,
                        2,
                        4
                    ],
                    "texture": "#1"
                },
                "south": {
                    "uv": [
                        6,
                        2,
                        8,
                        4
                    ],
                    "texture": "#1"
                },
                "west": {
                    "uv": [
                        4,
                        2,
                        6,
                        4
                    ],
                    "texture": "#1"
                },
                "up": {
                    "uv": [
                        2,
                        2,
                        4,
                        0
                    ],
                    "texture": "#1"
                },
                "down": {
                    "uv": [
                        4,
                        0,
                        6,
                        2
                    ],
                    "texture": "#1"
                }
            }
        },
        {
            "name": "Box2",
            "from": [
                5.5,
                2.25,
                6.75
            ],
            "to": [
                10.5,
                6.75,
                9.75
            ],
            "rotation": {
                "angle": 0,
                "axis": "x",
                "origin": [
                    0,
                    -3.25,
                    0.25
                ]
            },
            "faces": {
                "north": {
                    "uv": [
                        5,
                        5,
                        7,
                        8
                    ],
                    "texture": "#1"
                },
                "east": {
                    "uv": [
                        4,
                        5,
                        5,
                        8
                    ],
                    "texture": "#1"
                },
                "south": {
                    "uv": [
                        8,
                        5,
                        10,
                        8
                    ],
                    "texture": "#1"
                },
                "west": {
                    "uv": [
                        7,
                        5,
                        8,
                        8
                    ],
                    "texture": "#1"
                },
                "up": {
                    "uv": [
                        5.5,
                        6.5,
                        10.5,
                        9.5
                    ],
                    "texture": "#1"
                },
                "down": {
                    "uv": [
                        7,
                        4,
                        9,
                        5
                    ],
                    "texture": "#1"
                }
            }
        },
        {
            "name": "Box3",
            "from": [
                6.25,
                -0.25,
                7.05
            ],
            "to": [
                7.75,
                2.25,
                8.55
            ],
            "rotation": {
                "angle": 0,
                "axis": "x",
                "origin": [
                    0.5,
                    4.75,
                    4.8
                ]
            },
            "faces": {
                "north": {
                    "uv": [
                        2,
                        5,
                        1,
                        8
                    ],
                    "texture": "#1"
                },
                "east": {
                    "uv": [
                        2,
                        8,
                        3,
                        5
                    ],
                    "rotation": 180,
                    "texture": "#1"
                },
                "south": {
                    "uv": [
                        3,
                        5,
                        4,
                        8
                    ],
                    "texture": "#1"
                },
                "west": {
                    "uv": [
                        0,
                        8,
                        1,
                        5
                    ],
                    "rotation": 180,
                    "texture": "#1"
                },
                "up": {
                    "uv": [
                        1,
                        4,
                        2,
                        5
                    ],
                    "texture": "#1"
                },
                "down": {
                    "uv": [
                        3,
                        5,
                        2,
                        4
                    ],
                    "texture": "#1"
                }
            }
        },
        {
            "name": "Box5",
            "from": [
                4.38,
                3.12,
                7.625
            ],
            "to": [
                5.63,
                6.12,
                9.125
            ],
            "rotation": {
                "angle": 0,
                "axis": "z",
                "origin": [
                    4.38,
                    6.62,
                    5.875
                ]
            },
            "faces": {
                "north": {
                    "uv": [
                        11,
                        5,
                        12,
                        8
                    ],
                    "texture": "#1"
                },
                "east": {
                    "uv": [
                        13,
                        5,
                        14,
                        8
                    ],
                    "texture": "#1"
                },
                "south": {
                    "uv": [
                        12,
                        5,
                        13,
                        8
                    ],
                    "texture": "#1"
                },
                "west": {
                    "uv": [
                        10,
                        5,
                        11,
                        8
                    ],
                    "texture": "#1"
                },
                "up": {
                    "uv": [
                        11,
                        4,
                        12,
                        5
                    ],
                    "texture": "#1"
                },
                "down": {
                    "uv": [
                        12,
                        4,
                        13,
                        5
                    ],
                    "texture": "#1"
                }
            }
        },
        {
            "name": "Box5",
            "from": [
                10.055,
                3.065,
                7.5
            ],
            "to": [
                11.555,
                6.065,
                9
            ],
            "rotation": {
                "angle": 0,
                "axis": "z",
                "origin": [
                    11.555,
                    6.565,
                    6
                ]
            },
            "faces": {
                "north": {
                    "uv": [
                        9,
                        13,
                        10,
                        16
                    ],
                    "texture": "#1"
                },
                "east": {
                    "uv": [
                        10,
                        13,
                        11,
                        16
                    ],
                    "texture": "#1"
                },
                "south": {
                    "uv": [
                        8,
                        13,
                        9,
                        16
                    ],
                    "texture": "#1"
                },
                "west": {
                    "uv": [
                        11,
                        13,
                        12,
                        16
                    ],
                    "texture": "#1"
                },
                "up": {
                    "uv": [
                        9,
                        12,
                        10,
                        13
                    ],
                    "texture": "#1"
                },
                "down": {
                    "uv": [
                        10,
                        12,
                        11,
                        13
                    ],
                    "texture": "#1"
                }
            }
        },
        {
            "name": "Box1",
            "from": [
                4.4,
                6.65,
                4.65
            ],
            "to": [
                11.6,
                13.85,
                11.85
            ],
            "rotation": {
                "angle": 0,
                "axis": "x",
                "origin": [
                    0,
                    -3.25,
                    0.25
                ]
            },
            "faces": {
                "north": {
                    "uv": [
                        10,
                        2,
                        12.1,
                        4
                    ],
                    "texture": "#1"
                },
                "east": {
                    "uv": [
                        8,
                        2,
                        10,
                        4
                    ],
                    "texture": "#1"
                },
                "south": {
                    "uv": [
                        14,
                        2,
                        16,
                        4
                    ],
                    "texture": "#1"
                },
                "west": {
                    "uv": [
                        12,
                        2,
                        14,
                        4
                    ],
                    "texture": "#1"
                },
                "up": {
                    "uv": [
                        10,
                        0,
                        12.1,
                        2
                    ],
                    "texture": "#1"
                },
                "down": {
                    "uv": [
                        14,
                        0,
                        12,
                        2
                    ],
                    "texture": "#1"
                }
            }
        },
        {
            "name": "Box3",
            "from": [
                8.375,
                -0.25,
                7.0499
            ],
            "to": [
                9.875,
                2.25,
                8.5499
            ],
            "rotation": {
                "angle": 0,
                "axis": "x",
                "origin": [
                    -0.5,
                    4.75,
                    4.8
                ]
            },
            "faces": {
                "north": {
                    "uv": [
                        6,
                        13,
                        5,
                        16
                    ],
                    "texture": "#1"
                },
                "east": {
                    "uv": [
                        6,
                        16,
                        7,
                        13
                    ],
                    "rotation": 180,
                    "texture": "#1"
                },
                "south": {
                    "uv": [
                        7,
                        13,
                        8,
                        16
                    ],
                    "texture": "#1"
                },
                "west": {
                    "uv": [
                        4,
                        16,
                        5,
                        13
                    ],
                    "rotation": 180,
                    "texture": "#1"
                },
                "up": {
                    "uv": [
                        5,
                        12,
                        6,
                        13
                    ],
                    "texture": "#1"
                },
                "down": {
                    "uv": [
                        7,
                        13,
                        6,
                        12
                    ],
                    "texture": "#1"
                }
            }
        },
        {
            "name": "Box2",
            "from": [
                5.4,
                2.15,
                6.65
            ],
            "to": [
                10.6,
                6.85,
                9.85
            ],
            "rotation": {
                "angle": 0,
                "axis": "x",
                "origin": [
                    0,
                    -3.25,
                    0.25
                ]
            },
            "faces": {
                "north": {
                    "uv": [
                        5,
                        9,
                        7,
                        12
                    ],
                    "texture": "#1"
                },
                "east": {
                    "uv": [
                        4,
                        9,
                        5,
                        12
                    ],
                    "texture": "#1"
                },
                "south": {
                    "uv": [
                        8,
                        9,
                        10,
                        12
                    ],
                    "texture": "#1"
                },
                "west": {
                    "uv": [
                        7,
                        9,
                        8,
                        12
                    ],
                    "texture": "#1"
                },
                "up": {
                    "uv": [
                        5,
                        8,
                        7,
                        9
                    ],
                    "texture": "#1"
                },
                "down": {
                    "uv": [
                        7,
                        8,
                        9,
                        9
                    ],
                    "texture": "#1"
                }
            }
        },
        {
            "name": "Box3",
            "from": [
                6.15,
                -0.35,
                6.95
            ],
            "to": [
                7.85,
                2.35,
                8.65
            ],
            "rotation": {
                "angle": 0,
                "axis": "x",
                "origin": [
                    0.5,
                    4.75,
                    4.8
                ]
            },
            "faces": {
                "north": {
                    "uv": [
                        2,
                        9,
                        1,
                        12
                    ],
                    "texture": "#1"
                },
                "east": {
                    "uv": [
                        2,
                        12,
                        3,
                        9
                    ],
                    "rotation": 180,
                    "texture": "#1"
                },
                "south": {
                    "uv": [
                        3,
                        9,
                        4,
                        12
                    ],
                    "texture": "#1"
                },
                "west": {
                    "uv": [
                        0,
                        12,
                        1,
                        9
                    ],
                    "rotation": 180,
                    "texture": "#1"
                },
                "up": {
                    "uv": [
                        1,
                        8,
                        2,
                        9
                    ],
                    "texture": "#1"
                },
                "down": {
                    "uv": [
                        3,
                        9,
                        2,
                        8
                    ],
                    "texture": "#1"
                }
            }
        },
        {
            "name": "Box3",
            "from": [
                8.275,
                -0.35,
                6.9499
            ],
            "to": [
                9.975,
                2.35,
                8.6499
            ],
            "rotation": {
                "angle": 0,
                "axis": "x",
                "origin": [
                    -0.5,
                    4.75,
                    4.8
                ]
            },
            "faces": {
                "north": {
                    "uv": [
                        2,
                        13,
                        1,
                        16
                    ],
                    "texture": "#1"
                },
                "east": {
                    "uv": [
                        2,
                        16,
                        3,
                        13
                    ],
                    "rotation": 180,
                    "texture": "#1"
                },
                "south": {
                    "uv": [
                        3,
                        13,
                        4,
                        16
                    ],
                    "texture": "#1"
                },
                "west": {
                    "uv": [
                        0,
                        16,
                        1,
                        13
                    ],
                    "rotation": 180,
                    "texture": "#1"
                },
                "up": {
                    "uv": [
                        1,
                        12,
                        2,
                        13
                    ],
                    "texture": "#1"
                },
                "down": {
                    "uv": [
                        3,
                        13,
                        2,
                        12
                    ],
                    "texture": "#1"
                }
            }
        },
        {
            "name": "Box5",
            "from": [
                4.28,
                3.12,
                7.525
            ],
            "to": [
                5.73,
                6.32,
                9.225
            ],
            "rotation": {
                "angle": 0,
                "axis": "z",
                "origin": [
                    4.38,
                    6.62,
                    5.875
                ]
            },
            "faces": {
                "north": {
                    "uv": [
                        13,
                        9,
                        14,
                        12
                    ],
                    "texture": "#1"
                },
                "east": {
                    "uv": [
                        12,
                        9,
                        13,
                        12
                    ],
                    "texture": "#1"
                },
                "south": {
                    "uv": [
                        11,
                        9,
                        12,
                        12
                    ],
                    "texture": "#1"
                },
                "west": {
                    "uv": [
                        10,
                        9,
                        11,
                        12
                    ],
                    "texture": "#1"
                },
                "up": {
                    "uv": [
                        11,
                        8,
                        12,
                        9
                    ],
                    "texture": "#1"
                },
                "down": {
                    "uv": [
                        12,
                        8,
                        13,
                        9
                    ],
                    "texture": "#1"
                }
            }
        },
        {
            "name": "Box5",
            "from": [
                10.003,
                2.915,
                7.275
            ],
            "to": [
                11.703,
                6.115,
                9.225
            ],
            "rotation": {
                "angle": 0,
                "axis": "z",
                "origin": [
                    11.555,
                    6.565,
                    6
                ]
            },
            "faces": {
                "north": {
                    "uv": [
                        15,
                        13,
                        16,
                        16
                    ],
                    "texture": "#1"
                },
                "east": {
                    "uv": [
                        14,
                        13,
                        15,
                        16
                    ],
                    "texture": "#1"
                },
                "south": {
                    "uv": [
                        13,
                        13,
                        14,
                        16
                    ],
                    "texture": "#1"
                },
                "west": {
                    "uv": [
                        12,
                        13,
                        13,
                        16
                    ],
                    "texture": "#1"
                },
                "up": {
                    "uv": [
                        14.5,
                        12,
                        13.5,
                        13
                    ],
                    "texture": "#1"
                },
                "down": {
                    "uv": [
                        14,
                        12,
                        15,
                        13
                    ],
                    "texture": "#1"
                }
            }
        }
    ],
    "gui_light": "front",
    "display": {
        "thirdperson_righthand": {
            "rotation": [
                92.25,
                0,
                0
            ],
            "translation": [
                0.25,
                -0.5,
                16
            ],
            "scale": [
                0.5,
                0.5,
                0.5
            ]
        },
        "thirdperson_lefthand": {
            "rotation": [
                92.5,
                0,
                0
            ],
            "translation": [
                0.25,
                -0.5,
                16
            ],
            "scale": [
                0.5,
                0.5,
                0.5
            ]
        },
        "firstperson_righthand": {
            "rotation": [
                0,
                135,
                -15
            ],
            "translation": [
                1,
                3.5,
                -1
            ],
            "scale": [
                0.55,
                0.55,
                0.55
            ]
        },
        "firstperson_lefthand": {
            "rotation": [
                0,
                135,
                -15
            ],
            "translation": [
                1,
                3.5,
                -1
            ],
            "scale": [
                0.55,
                0.55,
                0.55
            ]
        },
        "ground": {
            "translation": [
                0,
                2,
                0
            ],
            "scale": [
                0.5,
                0.5,
                0.5
            ]
        },
        "gui": {
            "rotation": [
                0,
                180,
                0
            ],
            "translation": [
                0,
                0.5,
                0
            ]
        },
        "head": {
            "translation": [
                0,
                14.5,
                0
            ]
        },
        "fixed": {
            "rotation": [
                -90,
                0,
                0
            ],
            "translation": [
                0,
                0,
                -7.75
            ]
        }
    },
    "groups": [
        {
            "name": "bone",
            "origin": [
                0,
                0,
                0
            ],
            "color": 0,
            "children": [
                0,
                1,
                2,
                3,
                4,
                5,
                6,
                7,
                8,
                9,
                10,
                11
            ]
        }
    ]
}