{
	"credit": "Made with Blockbench",
	"texture_size": [32, 32],
	"textures": {
		"0": "./case",
		"particle": "./case"
	},
	"elements": [
		{
			"from": [7.5, 9, 5],
			"to": [7.5, 11, 11],
			"rotation": {"angle": 0, "axis": "y", "origin": [16, 17, 12]},
			"faces": {
				"north": {"uv": [0, 0, 0, 2], "texture": "#0"},
				"east": {"uv": [0, 8.5, 3, 9.5], "texture": "#0"},
				"south": {"uv": [0, 0, 0, 2], "texture": "#0"},
				"west": {"uv": [3, 8.5, 0, 9.5], "texture": "#0"},
				"up": {"uv": [0, 0, 0, 6], "texture": "#0"},
				"down": {"uv": [0, 0, 0, 6], "texture": "#0"}
			}
		},
		{
			"from": [5.5, 0, 1],
			"to": [9.5, 9, 15],
			"rotation": {"angle": 0, "axis": "y", "origin": [14.5, 8, 8]},
			"faces": {
				"north": {"uv": [7, 0, 9, 4.5], "texture": "#0"},
				"east": {"uv": [0, 0, 7, 4.5], "texture": "#0"},
				"south": {"uv": [9, 0, 7, 4.5], "texture": "#0"},
				"west": {"uv": [7, 0, 0, 4.5], "texture": "#0"},
				"up": {"uv": [0, 4.5, 7, 6.5], "rotation": 270, "texture": "#0"},
				"down": {"uv": [0, 6.5, 7, 8.5], "rotation": 270, "texture": "#0"}
			}
		},
		{
			"from": [8.5, 1, 3],
			"to": [8.5, 6, 11],
			"rotation": {"angle": 0, "axis": "y", "origin": [16.5, 9, 11]},
			"faces": {
				"north": {"uv": [0, 0, 0, 5], "texture": "#0"},
				"east": {"uv": [8, 0, 12, 5], "texture": "#0"},
				"south": {"uv": [0, 0, 0, 5], "texture": "#0"},
				"west": {"uv": [8, 5, 12, 10], "texture": "#0"},
				"up": {"uv": [0, 0, 0, 8], "texture": "#0"},
				"down": {"uv": [0, 0, 0, 8], "texture": "#0"}
			}
		},
		{
			"from": [7.5, 1, 1],
			"to": [7.5, 7, 9],
			"rotation": {"angle": 0, "axis": "y", "origin": [15.5, 9, 9]},
			"faces": {
				"north": {"uv": [0, 0, 0, 5], "texture": "#0"},
				"east": {"uv": [12, 0, 16, 6], "texture": "#0"},
				"south": {"uv": [0, 0, 0, 5], "texture": "#0"},
				"west": {"uv": [16, 0, 12, 6], "texture": "#0"},
				"up": {"uv": [0, 0, 0, 8], "texture": "#0"},
				"down": {"uv": [0, 0, 0, 8], "texture": "#0"}
			}
		}
	],
	"display": {
		"thirdperson_righthand": {
			"rotation": [84, 0, -1],
			"translation": [0, -2.25, -1]
		},
		"thirdperson_lefthand": {
			"rotation": [84, 0, -1],
			"translation": [0, -2.25, -1]
		},
		"firstperson_righthand": {
			"translation": [-0.5, 0.75, 1.75]
		},
		"firstperson_lefthand": {
			"translation": [-0.5, 0.75, 1.75]
		},
		"ground": {
			"rotation": [0, 0, 90],
			"translation": [-3, 0, 0.5]
		},
		"gui": {
			"rotation": [35, 35, 0],
			"translation": [0.5, 2.5, 0],
			"scale": [0.9, 0.9, 0.9]
		},
		"head": {
			"translation": [0, 19.75, 0],
			"scale": [1.66, 1.66, 1.66]
		},
		"fixed": {
			"rotation": [0, 90, -90],
			"translation": [0, -1, -14],
			"scale": [2, 2, 2]
		}
	}
}