{
	"credit": "Made with Blockbench",
	"texture_size": [48, 48],
	"textures": {
		"0": "./ibm_pc",
		"particle": "./ibm_pc"
	},
	"elements": [
		{
			"from": [1, -1, 3],
			"to": [15, 4, 14],
			"rotation": {"angle": 0, "axis": "y", "origin": [10, 8, 12]},
			"faces": {
				"north": {"uv": [0, 6, 4.66667, 7.66667], "texture": "#0"},
				"east": {"uv": [4.66667, 6, 8.33333, 7.66667], "texture": "#0"},
				"south": {"uv": [0, 11.33333, 4.66667, 13], "texture": "#0"},
				"west": {"uv": [8.33333, 6, 4.66667, 7.66667], "texture": "#0"},
				"up": {"uv": [0, 7.66667, 4.66667, 11.33334], "rotation": 180, "texture": "#0"},
				"down": {"uv": [4.66667, 7.66667, 9.33333, 11.33334], "texture": "#0"}
			}
		},
		{
			"from": [2.5, 4, 4],
			"to": [13.5, 13, 13],
			"rotation": {"angle": 0, "axis": "y", "origin": [11.5, 12, 13]},
			"faces": {
				"north": {"uv": [0, 0, 3.66667, 3], "texture": "#0"},
				"east": {"uv": [6.66667, 0, 3.66667, 3], "texture": "#0"},
				"south": {"uv": [6.66667, 0, 10.33333, 3], "texture": "#0"},
				"west": {"uv": [3.66667, 0, 6.66667, 3], "texture": "#0"},
				"up": {"uv": [0, 3, 3.66667, 6], "rotation": 180, "texture": "#0"},
				"down": {"uv": [8.5, 5, 15, 10], "texture": "#0"}
			}
		},
		{
			"from": [2, 3.5, 3.5],
			"to": [14, 13.5, 3.5],
			"rotation": {"angle": 0, "axis": "y", "origin": [11.5, 12, 13]},
			"faces": {
				"north": {"uv": [10.33333, 0, 14, 3], "texture": "#0"},
				"east": {"uv": [15.33333, 0, 14, 3], "texture": "#0"},
				"south": {"uv": [14, 0, 10.33333, 3], "texture": "#0"},
				"west": {"uv": [14, 0, 15.33333, 3], "texture": "#0"},
				"up": {"uv": [3.66667, 3, 7.33333, 4.33333], "rotation": 180, "texture": "#0"}
			}
		},
		{
			"from": [2, 3.5, 3.5],
			"to": [2, 13.5, 7.5],
			"rotation": {"angle": 0, "axis": "y", "origin": [11.5, 12, 13]},
			"faces": {
				"north": {"uv": [10.33333, 0, 14, 3], "texture": "#0"},
				"east": {"uv": [15.33333, 0, 14, 3], "texture": "#0"},
				"west": {"uv": [14, 0, 15.33333, 3], "texture": "#0"},
				"up": {"uv": [3.66667, 3, 7.33333, 4.33333], "rotation": 180, "texture": "#0"}
			}
		},
		{
			"from": [14, 3.5, 3.5],
			"to": [14, 13.5, 7.5],
			"rotation": {"angle": 0, "axis": "y", "origin": [11.5, 12, 13]},
			"faces": {
				"north": {"uv": [10.33333, 0, 14, 3], "texture": "#0"},
				"east": {"uv": [15.33333, 0, 14, 3], "texture": "#0"},
				"west": {"uv": [14, 0, 15.33333, 3], "texture": "#0"},
				"up": {"uv": [3.66667, 3, 7.33333, 4.33333], "rotation": 180, "texture": "#0"}
			}
		},
		{
			"from": [2, 13.5, 3.5],
			"to": [14, 13.5, 7.5],
			"rotation": {"angle": 0, "axis": "y", "origin": [11.5, 12, 13]},
			"faces": {
				"north": {"uv": [10.33333, 0, 14, 3], "texture": "#0"},
				"east": {"uv": [15.33333, 0, 14, 3], "texture": "#0"},
				"west": {"uv": [14, 0, 15.33333, 3], "texture": "#0"},
				"up": {"uv": [3.66667, 3, 7.33333, 4.33333], "rotation": 180, "texture": "#0"},
				"down": {"uv": [7.33333, 3, 3.66667, 4.33333], "texture": "#0"}
			}
		}
	],
	"display": {
		"thirdperson_righthand": {
			"rotation": [58, 8.5, 0],
			"translation": [-6.25, 4.5, 3.25]
		},
		"thirdperson_lefthand": {
			"rotation": [58, 8.5, 0],
			"translation": [-6.25, 4.5, 3.25]
		},
		"firstperson_righthand": {
			"rotation": [0, 105, 0],
			"translation": [4.5, 2.5, -2]
		},
		"firstperson_lefthand": {
			"rotation": [0, 105, 0],
			"translation": [4.5, 2.5, -2]
		},
		"ground": {
			"translation": [0, 6, 0]
		},
		"gui": {
			"rotation": [35, 135, 0],
			"translation": [-0.25, 1.25, 0],
			"scale": [0.7, 0.7, 0.7]
		},
		"head": {
			"translation": [0, 19.5, 0],
			"scale": [1.66, 1.66, 1.66]
		},
		"fixed": {
			"rotation": [-90, 0, 0],
			"translation": [0, 0.001, -16],
			"scale": [2, 2, 2]
		}
	}
}