{
	"credit": "Made with Blockbench",
	"texture_size": [32, 32],
	"textures": {
		"0": "./microscope",
		"particle": "./microscope"
	},
	"elements": [
		{
			"from": [6, 4, 5],
			"to": [10, 4, 9],
			"rotation": {"angle": 0, "axis": "y", "origin": [4.5, -1, 0]},
			"faces": {
				"north": {"uv": [0, 14, 2.5, 14.5], "rotation": 180, "texture": "#0"},
				"east": {"uv": [2.25, 8, 2.5, 13], "rotation": 90, "texture": "#0"},
				"south": {"uv": [0, 12.5, 2.5, 13], "texture": "#0"},
				"west": {"uv": [0, 8, 2.5, 8.5], "texture": "#0"},
				"up": {"uv": [8, 0, 10, 2], "rotation": 180, "texture": "#0"},
				"down": {"uv": [10, 0, 8, 2], "texture": "#0"}
			}
		},
		{
			"from": [6, 7, 5],
			"to": [10, 11, 11],
			"rotation": {"angle": 0, "axis": "y", "origin": [4.5, 2, -1]},
			"faces": {
				"north": {"uv": [3, 5, 5, 7], "texture": "#0"},
				"east": {"uv": [0, 5, 3, 7], "texture": "#0"},
				"south": {"uv": [5, 5, 7, 7], "texture": "#0"},
				"west": {"uv": [3, 5, 0, 7], "texture": "#0"},
				"up": {"uv": [0, 7, 3, 9], "rotation": 270, "texture": "#0"},
				"down": {"uv": [0, 7, 3, 6.5], "rotation": 90, "texture": "#0"}
			}
		},
		{
			"from": [7, 9, 5],
			"to": [9, 12, 7],
			"rotation": {"angle": -45, "axis": "x", "origin": [8, 9, 5]},
			"faces": {
				"north": {"uv": [7, 5, 8, 6.5], "texture": "#0"},
				"east": {"uv": [8, 5, 7, 6.5], "texture": "#0"},
				"south": {"uv": [7, 5, 8, 6.5], "texture": "#0"},
				"west": {"uv": [8, 5, 7, 6.5], "texture": "#0"},
				"up": {"uv": [8, 5, 9, 6], "rotation": 270, "texture": "#0"},
				"down": {"uv": [0, 7, 3, 6.5], "rotation": 90, "texture": "#0"}
			}
		},
		{
			"from": [4, 0, 4],
			"to": [12, 1, 12],
			"rotation": {"angle": 0, "axis": "y", "origin": [0, 0, -1]},
			"faces": {
				"north": {"uv": [0, 3.5, 4, 4], "rotation": 180, "texture": "#0"},
				"east": {"uv": [0, 0, 0.5, 4], "rotation": 270, "texture": "#0"},
				"south": {"uv": [0, 0, 4, 0.5], "texture": "#0"},
				"west": {"uv": [3.5, 0, 4, 4], "rotation": 90, "texture": "#0"},
				"up": {"uv": [0, 0, 4, 4], "rotation": 180, "texture": "#0"},
				"down": {"uv": [0, 9, 4, 13], "texture": "#0"}
			}
		},
		{
			"from": [7, 1, 9],
			"to": [9, 7, 11],
			"rotation": {"angle": 0, "axis": "y", "origin": [0, 0, -1]},
			"faces": {
				"north": {"uv": [4.5, 0, 5, 3], "texture": "#0"},
				"east": {"uv": [4, 0, 5, 3], "texture": "#0"},
				"south": {"uv": [10, 0, 11, 3], "texture": "#0"},
				"west": {"uv": [5, 0, 4, 3], "texture": "#0"},
				"up": {"uv": [0, 4, 6.5, 7.5], "texture": "#0"},
				"down": {"uv": [0, 4, 6.5, 7.5], "texture": "#0"}
			}
		},
		{
			"from": [8, 1, 3],
			"to": [8, 7, 10],
			"rotation": {"angle": -22.5, "axis": "y", "origin": [8, 4, 10]},
			"faces": {
				"north": {"uv": [0, 14, 2.5, 14.5], "rotation": 180, "texture": "#0"},
				"east": {"uv": [4.5, 0, 8, 3], "texture": "#0"},
				"south": {"uv": [0, 12.5, 2.5, 13], "texture": "#0"},
				"west": {"uv": [8, 0, 4.5, 3], "texture": "#0"},
				"up": {"uv": [0, 8, 2.5, 13], "texture": "#0"},
				"down": {"uv": [0, 8, 2.5, 13], "rotation": 270, "texture": "#0"}
			}
		},
		{
			"from": [8, 3, 3],
			"to": [8, 7, 10],
			"rotation": {"angle": 0, "axis": "y", "origin": [8, 4, 10]},
			"faces": {
				"north": {"uv": [0, 14, 2.5, 14.5], "rotation": 180, "texture": "#0"},
				"east": {"uv": [4.5, 3, 8, 5], "texture": "#0"},
				"south": {"uv": [0, 12.5, 2.5, 13], "texture": "#0"},
				"west": {"uv": [8, 3, 4.5, 5], "texture": "#0"},
				"up": {"uv": [0, 8, 2.5, 13], "texture": "#0"},
				"down": {"uv": [0, 8, 2.5, 13], "rotation": 270, "texture": "#0"}
			}
		},
		{
			"from": [8, 1, 3],
			"to": [8, 7, 10],
			"rotation": {"angle": 22.5, "axis": "y", "origin": [8, 4, 10]},
			"faces": {
				"north": {"uv": [0, 14, 2.5, 14.5], "rotation": 180, "texture": "#0"},
				"east": {"uv": [4.5, 0, 8, 3], "texture": "#0"},
				"south": {"uv": [0, 12.5, 2.5, 13], "texture": "#0"},
				"west": {"uv": [8, 0, 4.5, 3], "texture": "#0"},
				"up": {"uv": [0, 8, 2.5, 13], "texture": "#0"},
				"down": {"uv": [0, 8, 2.5, 13], "rotation": 270, "texture": "#0"}
			}
		}
	],
	"gui_light": "front",
	"display": {
		"thirdperson_righthand": {
			"rotation": [30, 7, -9],
			"translation": [0.5, 4.75, 1.25]
		},
		"thirdperson_lefthand": {
			"rotation": [30, 7, -9],
			"translation": [0.5, 4.75, 1.25]
		},
		"firstperson_righthand": {
			"rotation": [-13, 5, 6],
			"translation": [2, 4.75, -2.5]
		},
		"firstperson_lefthand": {
			"rotation": [-13, 5, 6],
			"translation": [2, 4.75, -2.5]
		},
		"ground": {
			"translation": [0, 5.5, 0]
		},
		"gui": {
			"rotation": [35, 135, 0],
			"translation": [0.25, 2.25, 0]
		},
		"head": {
			"translation": [0, 19.25, 0],
			"scale": [1.6, 1.6, 1.6]
		},
		"fixed": {
			"rotation": [0, 90, -90],
			"translation": [0, 0, -14],
			"scale": [2, 2, 2]
		}
	}
}