{
	"credit": "Made with Blockbench",
	"texture_size": [32, 32],
	"textures": {
		"0": "./ognetush"
	},
	"elements": [
		{
			"from": [5.5, 0, 6],
			"to": [10.5, 12, 11],
			"rotation": {"angle": 0, "axis": "y", "origin": [9.5, 8, 14]},
			"faces": {
				"north": {"uv": [0, 0, 2.5, 6], "texture": "#0"},
				"east": {"uv": [7.5, 0, 10, 6], "texture": "#0"},
				"south": {"uv": [5, 0, 7.5, 6], "texture": "#0"},
				"west": {"uv": [2.5, 0, 5, 6], "texture": "#0"},
				"up": {"uv": [0, 6, 2.5, 8.5], "rotation": 180, "texture": "#0"},
				"down": {"uv": [2.5, 8.5, 5, 6], "rotation": 180, "texture": "#0"}
			}
		},
		{
			"from": [8, 10, 1],
			"to": [8, 15, 13],
			"rotation": {"angle": 0, "axis": "y", "origin": [8, 15.5, 7]},
			"faces": {
				"north": {"uv": [8, 4.5, 8.5, 5], "texture": "#0"},
				"east": {"uv": [16, 0, 10, 2.5], "texture": "#0"},
				"south": {"uv": [7.5, 4.5, 8, 5], "texture": "#0"},
				"west": {"uv": [10, 0, 16, 2.5], "texture": "#0"},
				"up": {"uv": [3.5, 8, 4.5, 9], "texture": "#0"},
				"down": {"uv": [3.5, 10, 4.5, 11], "texture": "#0"}
			}
		}
	],
	"display": {
		"thirdperson_righthand": {
			"rotation": [57, 4, 12],
			"translation": [-0.75, 0.25, -2.25]
		},
		"thirdperson_lefthand": {
			"rotation": [57, 4, 12],
			"translation": [-0.75, 0.25, -2.25]
		},
		"firstperson_righthand": {
			"rotation": [-10, 0, 4],
			"translation": [0.25, -0.75, 0]
		},
		"firstperson_lefthand": {
			"rotation": [-10, 0, 4],
			"translation": [0.25, -0.75, 0]
		},
		"ground": {
			"rotation": [90, 0, 0],
			"translation": [0, 1, 1]
		},
		"gui": {
			"rotation": [35, 135, 0],
			"translation": [0, 0.5, 0],
			"scale": [0.95, 0.95, 0.95]
		},
		"head": {
			"translation": [0, 19.5, -0.75],
			"scale": [1.66, 1.66, 1.66]
		},
		"fixed": {
			"rotation": [0, 90, 0],
			"translation": [-1, 2, -3],
			"scale": [2, 2, 2]
		}
	}
}