{
	"credit": "Made with Blockbench",
	"texture_size": [48, 48],
	"textures": {
		"0": "./radio_milit"
	},
	"elements": [
		{
			"from": [-4, 0, 8],
			"to": [20, 6, 16],
			"rotation": {"angle": 0, "axis": "y", "origin": [9.5, 8, 14]},
			"faces": {
				"north": {"uv": [0, 0, 8, 2], "texture": "#0"},
				"east": {"uv": [2.66667, 6.66667, 0, 8.66667], "texture": "#0"},
				"south": {"uv": [0, 4.66667, 8, 6.66667], "texture": "#0"},
				"west": {"uv": [0, 6.66667, 2.66667, 8.66667], "texture": "#0"},
				"up": {"uv": [0, 2, 8, 4.66667], "rotation": 180, "texture": "#0"},
				"down": {"uv": [8, 8.66667, 0, 11.33333], "texture": "#0"}
			}
		},
		{
			"from": [2, 6, 8],
			"to": [14, 12, 16],
			"rotation": {"angle": 0, "axis": "y", "origin": [9.5, 8, 14]},
			"faces": {
				"north": {"uv": [8, 0, 12, 2], "texture": "#0"},
				"east": {"uv": [2.66667, 6.66667, 0, 8.66667], "texture": "#0"},
				"south": {"uv": [0, 4.66667, 4, 6.66667], "texture": "#0"},
				"west": {"uv": [0, 6.66667, 2.66667, 8.66667], "texture": "#0"},
				"up": {"uv": [2, 2, 6, 4.66667], "rotation": 180, "texture": "#0"}
			}
		},
		{
			"from": [11, 0, 1],
			"to": [15, 1, 5],
			"rotation": {"angle": 0, "axis": "y", "origin": [9.5, 8, 14]},
			"faces": {
				"north": {"uv": [2.66667, 7.66667, 4, 8], "texture": "#0"},
				"east": {"uv": [2.66667, 6.66667, 3, 8], "rotation": 270, "texture": "#0"},
				"south": {"uv": [2.66667, 6.66667, 4, 7], "texture": "#0"},
				"west": {"uv": [3.66667, 8, 4, 6.66667], "rotation": 270, "texture": "#0"},
				"up": {"uv": [2.66667, 6.66667, 4, 8], "rotation": 180, "texture": "#0"},
				"down": {"uv": [5.33333, 6.66667, 4, 8], "texture": "#0"}
			}
		},
		{
			"from": [11, 1, 3],
			"to": [15, 8, 3],
			"rotation": {"angle": 0, "axis": "y", "origin": [9.5, 15, 16]},
			"faces": {
				"north": {"uv": [8, 2, 9.33333, 4.33333], "texture": "#0"},
				"east": {"uv": [7.5, 4.5, 8, 5], "texture": "#0"},
				"south": {"uv": [10.66667, 2, 9.33333, 4.33333], "texture": "#0"},
				"west": {"uv": [8, 4.5, 8.5, 5], "texture": "#0"},
				"up": {"uv": [3.5, 8, 4.5, 9], "rotation": 270, "texture": "#0"},
				"down": {"uv": [3.5, 10, 4.5, 11], "rotation": 90, "texture": "#0"}
			}
		},
		{
			"from": [11, 4, 2.5],
			"to": [15, 8, 3.5],
			"rotation": {"angle": 0, "axis": "y", "origin": [9.5, 15, 16]},
			"faces": {
				"north": {"uv": [8, 2, 9.33333, 3.33333], "texture": "#0"},
				"east": {"uv": [9.33333, 2, 9.66667, 3.33333], "texture": "#0"},
				"south": {"uv": [10.66667, 2, 9.33333, 3.33333], "texture": "#0"},
				"west": {"uv": [10.33333, 2, 10.66667, 3.33333], "texture": "#0"},
				"up": {"uv": [9.33333, 2, 10.66667, 2.33333], "rotation": 180, "texture": "#0"},
				"down": {"uv": [9.33333, 3, 10.66667, 3.33333], "rotation": 180, "texture": "#0"}
			}
		}
	],
	"display": {
		"thirdperson_righthand": {
			"rotation": [35, 166, 0],
			"translation": [-4, 5.25, 6]
		},
		"thirdperson_lefthand": {
			"rotation": [35, 166, 0],
			"translation": [-4, 5.25, 6]
		},
		"firstperson_righthand": {
			"rotation": [1, 161, 1],
			"translation": [-3.5, 1.75, 3.75]
		},
		"firstperson_lefthand": {
			"rotation": [1, 161, 1],
			"translation": [-3.5, 1.75, 3.75]
		},
		"ground": {
			"rotation": [1, 0, 0],
			"translation": [0, 5.5, -2.25]
		},
		"gui": {
			"rotation": [35, 135, 0],
			"translation": [-1.5, 1.25, 0],
			"scale": [0.6, 0.6, 0.6]
		},
		"head": {
			"translation": [0, 19.5, 0],
			"scale": [1.66, 1.66, 1.66]
		},
		"fixed": {
			"rotation": [-90, 0, 0],
			"translation": [0, 0, -14],
			"scale": [2, 2, 2]
		}
	}
}