{
	"credit": "Made with Blockbench",
	"texture_size": [32, 32],
	"textures": {
		"0": "./red_button",
		"particle": "./red_button"
	},
	"elements": [
		{
			"from": [2, 0, 2],
			"to": [14, 1, 14],
			"rotation": {"angle": 0, "axis": "y", "origin": [10.5, 8, 12]},
			"faces": {
				"north": {"uv": [6, 6.5, 0, 6], "texture": "#0"},
				"east": {"uv": [0, 6, 6, 6.5], "texture": "#0"},
				"south": {"uv": [0, 6, 6, 6.5], "texture": "#0"},
				"west": {"uv": [6, 6.5, 0, 6], "texture": "#0"},
				"up": {"uv": [0, 0, 6, 6], "texture": "#0"},
				"down": {"uv": [0, 0, 6, 6], "rotation": 180, "texture": "#0"}
			}
		},
		{
			"from": [5, 1, 5],
			"to": [11, 3, 11],
			"rotation": {"angle": 0, "axis": "y", "origin": [10.5, 8, 12]},
			"faces": {
				"north": {"uv": [9, 3, 12, 4], "texture": "#0"},
				"east": {"uv": [9, 3, 6, 4], "texture": "#0"},
				"south": {"uv": [6, 3, 9, 4], "texture": "#0"},
				"west": {"uv": [12, 3, 9, 4], "texture": "#0"},
				"up": {"uv": [6, 0, 9, 3], "texture": "#0"}
			}
		}
	],
	"display": {
		"thirdperson_righthand": {
			"rotation": [-32, -8, 90],
			"translation": [-7.25, 3, -1.75]
		},
		"thirdperson_lefthand": {
			"rotation": [-32, -8, 90],
			"translation": [-7.25, 3, -1.75]
		},
		"firstperson_righthand": {
			"rotation": [0, -8, 80],
			"translation": [-4.25, 0.5, -3.5]
		},
		"firstperson_lefthand": {
			"rotation": [0, -8, 80],
			"translation": [-4.25, 0.5, -3.5]
		},
		"ground": {
			"translation": [0, 5, 0]
		},
		"gui": {
			"rotation": [35, 135, 0],
			"translation": [0, 4.5, 0],
			"scale": [0.75, 0.75, 0.75]
		},
		"head": {
			"rotation": [-90, 0, 0],
			"translation": [0, 0.75, -19.75],
			"scale": [1.66, 1.66, 1.66]
		},
		"fixed": {
			"rotation": [-90, 0, 0],
			"translation": [0, 0, -14.01],
			"scale": [2.001, 2.001, 2.001]
		}
	}
}