{
	"credit": "Made with Blockbench",
	"texture_size": [32, 32],
	"textures": {
		"0": "./gantel"
	},
	"elements": [
		{
			"from": [-9, 2, 7],
			"to": [8, 4, 9],
			"rotation": {"angle": 0, "axis": "y", "origin": [9.5, 8, 14]},
			"faces": {
				"north": {"uv": [8.5, 6, 0, 7], "texture": "#0"},
				"east": {"uv": [7, 1, 8, 2], "texture": "#0"},
				"south": {"uv": [0, 6, 8.5, 7], "texture": "#0"},
				"west": {"uv": [8, 1, 7, 2], "texture": "#0"},
				"up": {"uv": [8.5, 7, 0, 8], "rotation": 180, "texture": "#0"},
				"down": {"uv": [8.5, 9, 0, 8], "rotation": 180, "texture": "#0"}
			}
		},
		{
			"from": [8, 2, 7],
			"to": [25, 4, 9],
			"rotation": {"angle": 0, "axis": "y", "origin": [9.5, 8, 14]},
			"faces": {
				"north": {"uv": [0, 6, 8.5, 7], "texture": "#0"},
				"east": {"uv": [10.5, 8, 11.5, 9], "texture": "#0"},
				"south": {"uv": [8.5, 6, 0, 7], "texture": "#0"},
				"west": {"uv": [11.5, 8, 10.5, 9], "texture": "#0"},
				"up": {"uv": [0, 7, 8.5, 8], "rotation": 180, "texture": "#0"},
				"down": {"uv": [0, 9, 8.5, 8], "rotation": 180, "texture": "#0"}
			}
		},
		{
			"from": [-8, -2, 3],
			"to": [-5, 8, 13],
			"rotation": {"angle": 0, "axis": "y", "origin": [9.5, 8, 14]},
			"faces": {
				"north": {"uv": [15, 6, 13.5, 11], "texture": "#0"},
				"east": {"uv": [8.5, 6, 13.5, 11], "texture": "#0"},
				"south": {"uv": [13.5, 6, 15, 11], "texture": "#0"},
				"west": {"uv": [8.5, 6, 13.5, 11], "texture": "#0"},
				"up": {"uv": [15, 6, 13.5, 11], "rotation": 180, "texture": "#0"},
				"down": {"uv": [15, 11, 13.5, 6], "rotation": 180, "texture": "#0"}
			}
		},
		{
			"from": [21, -2, 3],
			"to": [24, 8, 13],
			"rotation": {"angle": 0, "axis": "y", "origin": [9.5, 8, 14]},
			"faces": {
				"north": {"uv": [13.5, 6, 15, 11], "texture": "#0"},
				"east": {"uv": [8.5, 6, 13.5, 11], "texture": "#0"},
				"south": {"uv": [15, 6, 13.5, 11], "texture": "#0"},
				"west": {"uv": [8.5, 6, 13.5, 11], "texture": "#0"},
				"up": {"uv": [13.5, 6, 15, 11], "rotation": 180, "texture": "#0"},
				"down": {"uv": [13.5, 11, 15, 6], "rotation": 180, "texture": "#0"}
			}
		}
	],
	"display": {
		"thirdperson_righthand": {
			"rotation": [-5, 0, 90],
			"translation": [-5, 4.5, 1.75]
		},
		"thirdperson_lefthand": {
			"rotation": [-5, 0, 90],
			"translation": [-5, 4.5, 1.75]
		},
		"firstperson_righthand": {
			"rotation": [67, 95, 5],
			"translation": [1.25, 4.5, 4.5]
		},
		"firstperson_lefthand": {
			"rotation": [67, 95, 5],
			"translation": [1.25, 4.5, 4.5]
		},
		"ground": {
			"translation": [0, 5.5, 0]
		},
		"gui": {
			"rotation": [35, 135, 0],
			"translation": [0, 1.75, 0],
			"scale": [0.45, 0.45, 0.45]
		},
		"head": {
			"translation": [0, 16.25, 0],
			"scale": [1.66, 1.66, 1.66]
		},
		"fixed": {
			"translation": [0, 10, -8],
			"scale": [2.001, 2.001, 2.001]
		}
	}
}