{
	"credit": "Made with Blockbench",
	"texture_size": [64, 64],
	"textures": {
		"0": "./tv",
		"particle": "./tv"
	},
	"elements": [
		{
			"from": [-3, 0, 1],
			"to": [19, 17, 10],
			"rotation": {"angle": 0, "axis": "y", "origin": [9, 8, 9]},
			"faces": {
				"north": {"uv": [0, 0, 5.5, 4.25], "texture": "#0"},
				"east": {"uv": [2.25, 4.25, 0, 8.5], "texture": "#0"},
				"south": {"uv": [5.5, 0, 11, 4.25], "texture": "#0"},
				"west": {"uv": [0, 4.25, 2.25, 8.5], "texture": "#0"},
				"up": {"uv": [2.25, 4.25, 7.75, 6.5], "texture": "#0"},
				"down": {"uv": [2.25, 6.5, 7.75, 8.75], "rotation": 180, "texture": "#0"}
			}
		},
		{
			"from": [-3.25, -0.25, 0.75],
			"to": [19.25, 17.25, 6.25],
			"rotation": {"angle": 0, "axis": "y", "origin": [9, 8, 9]},
			"faces": {
				"north": {"uv": [7.75, 4.25, 13.25, 8.5], "texture": "#0"},
				"east": {"uv": [1.25, 4.25, 0, 8.5], "texture": "#0"},
				"west": {"uv": [0, 4.25, 1.25, 8.5], "texture": "#0"},
				"up": {"uv": [2.25, 4.25, 7.75, 5.5], "texture": "#0"},
				"down": {"uv": [2.25, 6.5, 7.75, 7.75], "rotation": 180, "texture": "#0"}
			}
		},
		{
			"from": [19.25, -0.25, 0.75],
			"to": [-3.25, 17.25, 6.25],
			"rotation": {"angle": 0, "axis": "y", "origin": [9, 8, 9]},
			"faces": {
				"north": {"uv": [13.25, 4.25, 7.75, 8.5], "texture": "#0"},
				"east": {"uv": [1.25, 4.25, 0, 8.5], "texture": "#0"},
				"west": {"uv": [0, 4.25, 1.25, 8.5], "texture": "#0"},
				"up": {"uv": [7.75, 4.25, 2.25, 5.5], "texture": "#0"},
				"down": {"uv": [7.75, 6.5, 2.25, 7.75], "rotation": 180, "texture": "#0"}
			}
		},
		{
			"from": [-0.5, 0, 10],
			"to": [16.5, 14, 15],
			"rotation": {"angle": 0, "axis": "y", "origin": [8.5, 8, 19]},
			"faces": {
				"north": {"uv": [0, 0, 8.5, 7], "texture": "#0"},
				"east": {"uv": [4.25, 8.75, 5.5, 12.25], "texture": "#0"},
				"south": {"uv": [0, 8.75, 4.25, 12.25], "texture": "#0"},
				"west": {"uv": [5.5, 8.75, 4.25, 12.25], "texture": "#0"},
				"up": {"uv": [0, 13.5, 4.25, 14.75], "texture": "#0"},
				"down": {"uv": [0, 12.25, 4.25, 13.5], "texture": "#0"}
			}
		}
	],
	"display": {
		"thirdperson_righthand": {
			"rotation": [71, 0, 0],
			"translation": [-6, 4.75, 2.75]
		},
		"thirdperson_lefthand": {
			"rotation": [71, 0, 0],
			"translation": [-6, 4.75, 2.75]
		},
		"firstperson_righthand": {
			"rotation": [0, 4, 0],
			"translation": [7.5, -2.75, -3.25]
		},
		"firstperson_lefthand": {
			"rotation": [0, 4, 0],
			"translation": [7.5, -2.75, -3.25]
		},
		"ground": {
			"translation": [0, 5.5, 0]
		},
		"gui": {
			"rotation": [35, 135, 0],
			"translation": [0.75, 0, 0],
			"scale": [0.55, 0.55, 0.55]
		},
		"head": {
			"translation": [0, 6, 0],
			"scale": [1.66, 1.66, 1.66]
		},
		"fixed": {
			"rotation": [-90, 0, 0],
			"translation": [0, 0, -14],
			"scale": [2, 2, 2]
		}
	}
}